"Page";"Grid";"ID";"LambertX";"LambertY";"Longitude";"Latitude"
"1";"16x16";"11";"39296,4504";"166269,36570";"2,79839920924474";"50,7963597195326"
"1";"16x16";"12";"38120,4525";"182177,12170";"2,77688757021247";"50,9391044396140"
"1";"16x16";"13";"36941,3999";"198085,07120";"2,75520099392593";"51,0818401124178"
"1";"16x16";"19";"55206,0780";"167443,77830";"3,02372549554668";"50,8097214829342"
"1";"16x16";"20";"54030,1525";"183354,65980";"3,00289380179540";"50,9525344689300"
"1";"16x16";"21";"52851,2433";"199265,64950";"2,98189225207412";"51,0953378947654"
"1";"16x16";"22";"51669,2402";"215176,74000";"2,96071771243285";"51,2381307281206"
"1";"16x16";"27";"71118,7660";"168618,08500";"3,24922117939858";"50,8226491752202"
"1";"16x16";"28";"69942,9308";"184531,95990";"3,22907126930958";"50,9655279612686"
"1";"16x16";"29";"68764,0769";"200445,95130";"3,20875506524185";"51,1083974920299"
"1";"16x16";"30";"67582,2881";"216360,16340";"3,18827221632653";"51,2512577700336"
"1";"16x16";"35";"87034,3953";"169792,57050";"3,47488049303188";"50,8351447380942"
"1";"16x16";"36";"85858,5680";"185709,30060";"3,45541271933714";"50,9780867864046"
"1";"16x16";"37";"84679,8934";"201626,06730";"3,43578518994308";"51,1210191116079"
"1";"16x16";"43";"102952,7842";"170966,91490";"3,70069688597113";"50,8472046980131"
"1";"16x16";"44";"101776,9820";"186886,36790";"3,68191295809248";"50,9902075346146"
"1";"16x16";"45";"100598,5918";"202805,98300";"3,66297705541021";"51,1332020198087"
"1";"16x16";"46";"99417,3916";"218725,94650";"3,64388457192313";"51,2761888683801"
"1";"16x16";"50";"120046,8845";"156219,12560";"3,94461509439848";"50,7157591361955"
"1";"16x16";"51";"118873,8256";"172141,20400";"3,92666475745294";"50,8588292633141"
"1";"16x16";"52";"117698,2596";"188063,35930";"3,90856907932101";"51,0018914236107"
"1";"16x16";"53";"116519,9709";"203985,67780";"3,89032363725038";"51,1449454450196"
"1";"16x16";"58";"135970,5906";"157390,80690";"4,17004838184468";"50,7268913071597"
"1";"16x16";"59";"134797,6129";"173315,53590";"4,15278135097265";"50,8700187813896"
"1";"16x16";"60";"133621,9995";"189240,24260";"4,13537125012585";"51,0131375947622"
"1";"16x16";"61";"132444,0294";"205165,14370";"4,11782074350047";"51,1562487687680"
"1";"16x16";"67";"150723,7575";"174489,67900";"4,37903706221426";"50,8807706377530"
"1";"16x16";"68";"149548,4135";"190416,82260";"4,36231834846172";"51,0239437803439"
"1";"16x16";"69";"148370,5722";"206344,26090";"4,34546139364822";"51,1671103790325"
"1";"16x16";"70";"147190,3250";"222271,99950";"4,32846623160598";"51,3102695485437"
"1";"16x16";"74";"167825,3066";"159734,31140";"4,62132767074273";"50,7478524286869"
"1";"16x16";"75";"166652,4462";"175663,83800";"4,60543042378127";"50,8910861776272"
"1";"16x16";"76";"165477,1813";"191593,37310";"4,58940163925198";"51,0343119311751"
"1";"16x16";"77";"164299,5915";"207523,12160";"4,57324125400498";"51,1775305980736"
"1";"16x16";"78";"163119,6621";"223453,18310";"4,55694784511359";"51,3207421401493"
"1";"16x16";"83";"182583,3903";"176837,78790";"4,83195319323955";"50,9009629013856"
"1";"16x16";"84";"181408,3143";"192769,68740";"4,81661710412980";"51,0442397078458"
"1";"16x16";"85";"180230,9857";"208701,71270";"4,80115464086657";"51,1875088193523"
"1";"16x16";"86";"179051,4841";"224634,06920";"4,78556579454286";"51,3307711459311"
"1";"16x16";"87";"177869,5885";"240566,94430";"4,76984622627864";"51,4740274477385"
"1";"16x16";"90";"199689,3693";"162077,73520";"5,07312448950648";"50,7670703037995"
"1";"16x16";"91";"198516,5764";"178011,72170";"5,05860104082341";"50,9104020873241"
"1";"16x16";"92";"197341,6173";"193945,64670";"5,04395773893914";"51,0537255886595"
"1";"16x16";"93";"196164,6595";"209879,92110";"5,02919592930975";"51,1970435602017"
"1";"16x16";"94";"194985,3951";"225814,52640";"5,01431009393212";"51,3403549298612"
"1";"16x16";"98";"215624,5488";"163249,45400";"5,29920165480457";"50,7760247519590"
"1";"16x16";"99";"214451,8158";"179185,42120";"5,28536709115572";"50,9194013501387"
"1";"16x16";"100";"213277,0702";"195121,54380";"5,27141907160340";"51,0627717659060"
"1";"16x16";"101";"212100,3985";"211057,92760";"5,25735780530792";"51,2061360149822"
"1";"16x16";"106";"231561,7592";"164421,16520";"5,52539152602636";"50,7845422117215"
"1";"16x16";"107";"230389,0946";"180359,07970";"5,51224699215595";"50,9279620118402"
"1";"16x16";"108";"229214,5900";"196297,06700";"5,49899563880393";"51,0713750211231"
"1";"16x16";"109";"228038,2197";"212235,42650";"5,48563617736171";"51,2147830099227"
"1";"16x16";"116";"245154,0628";"197472,40380";"5,72668159841441";"51,0795366491166"
"2";"4x4";"62";"26778,6522";"173341,28640";"2,61853072936546";"50,8574024156793"
"2";"4x4";"63";"26484,5197";"177317,63280";"2,61301973072284";"50,8930752015703"
"2";"4x4";"64";"26190,2674";"181294,01240";"2,60749863877887";"50,9287476301112"
"2";"4x4";"67";"25306,1010";"193223,12340";"2,59086480525840";"51,0357604362421"
"2";"4x4";"68";"25010,9728";"197199,52680";"2,58529748053529";"51,0714302228883"
"2";"4x4";"87";"31049,0235";"169658,72500";"2,68035401895972";"50,8251952554537"
"2";"4x4";"88";"30755,1724";"173635,30960";"2,67489764735330";"50,8608734547385"
"2";"4x4";"89";"30461,1089";"177611,82020";"2,66942999048687";"50,8965503324532"
"2";"4x4";"90";"30166,7266";"181588,35200";"2,66394947868311";"50,9322267073897"
"2";"4x4";"91";"29872,3252";"185564,92470";"2,65846034156813";"50,9679028035435"
"2";"4x4";"92";"29577,6044";"189541,52180";"2,65295828760111";"51,0035783957949"
"2";"4x4";"93";"29282,6640";"193518,15080";"2,64744470732056";"51,0392535572330"
"2";"4x4";"94";"28987,6099";"197494,71940";"2,64192111558192";"51,0749274656231"
"2";"4x4";"95";"28692,3357";"201471,32300";"2,63638593903078";"51,1106009412781"
"2";"4x4";"112";"35319,5515";"165975,77390";"2,74209499043695";"50,7929517835821"
"2";"4x4";"113";"35025,7858";"169952,48520";"2,73669037573009";"50,8286343119333"
"2";"4x4";"114";"34731,9029";"173929,22700";"2,73127587947925";"50,8643164953705"
"2";"4x4";"115";"34437,8025";"177905,99490";"2,72585005504944";"50,8999982597674"
"2";"4x4";"116";"34143,4841";"181882,79030";"2,72041286903372";"50,9356796027555"
"2";"4x4";"117";"33849,0540";"185859,52100";"2,71496583772825";"50,9713597021448"
"2";"4x4";"118";"33554,2992";"189836,37610";"2,70950584467616";"51,0070401999464"
"2";"4x4";"119";"33259,4320";"193813,16960";"2,70403594574195";"51,0427194522598"
"2";"4x4";"120";"32964,4523";"197789,90300";"2,69855611661068";"51,0783974578843"
"2";"4x4";"121";"32669,1533";"201766,66550";"2,69306335359627";"51,1140749618114"
"2";"4x4";"136";"39883,2114";"158315,48630";"2,80908863650278";"50,7249835803199"
"2";"4x4";"137";"39589,9388";"162292,41520";"2,80374950504855";"50,7606718553158"
"2";"4x4";"138";"39296,4504";"166269,36570";"2,79839920924474";"50,7963597195326"
"2";"4x4";"139";"39002,7522";"170246,23960";"2,79303783839210";"50,8320462767362"
"2";"4x4";"140";"38708,8315";"174223,23810";"2,78766512636031";"50,8677333179932"
"2";"4x4";"141";"38414,7003";"178200,16290";"2,78228127773731";"50,9034190485489"
"2";"4x4";"142";"38120,4525";"182177,12170";"2,77688757021247";"50,9391044396140"
"2";"4x4";"143";"37825,9875";"186154,10970";"2,77148255067482";"50,9747894139446"
"2";"4x4";"144";"37531,3052";"190131,12850";"2,76606619133649";"51,0104739710306"
"2";"4x4";"145";"37236,4114";"194108,07990";"2,76063857923781";"51,0461572146080"
"2";"4x4";"146";"36941,3999";"198085,07120";"2,75520099392593";"51,0818401124178"
"2";"4x4";"147";"36646,0701";"202062,09200";"2,74975055152207";"51,1175225169881"
"2";"4x4";"148";"36350,6282";"206039,05590";"2,74429019595945";"51,1532036772975"
"2";"4x4";"163";"43567,0750";"162585,84590";"2,86002296269481";"50,7640487902778"
"2";"4x4";"164";"43273,5532";"166562,95220";"2,85471444411047";"50,7997405790374"
"2";"4x4";"165";"42979,8163";"170540,08200";"2,84939480704677";"50,8354319633341"
"2";"4x4";"166";"42685,9642";"174517,24280";"2,84406544292716";"50,8711230141970"
"2";"4x4";"167";"42391,8965";"178494,43000";"2,83872490374557";"50,9068136570656"
"2";"4x4";"168";"42097,6192";"182471,54550";"2,83337327818306";"50,9425029965613"
"2";"4x4";"169";"41803,1258";"186448,69050";"2,82801041878668";"50,9781919261767"
"2";"4x4";"170";"41508,4160";"190425,86650";"2,82263629513771";"51,0138804444750"
"2";"4x4";"171";"41213,5960";"194402,98140";"2,81725242304831";"51,0495677288156"
"2";"4x4";"172";"40918,5528";"198380,23020";"2,81185710977677";"51,0852554957040"
"2";"4x4";"173";"40623,2988";"202357,41490";"2,80645056530282";"51,1209419531579"
"2";"4x4";"174";"40327,8273";"206334,63670";"2,80103263787629";"51,1566279944860"
"2";"4x4";"190";"47250,8597";"166856,53330";"2,91104062976951";"50,8030943512169"
"2";"4x4";"191";"46957,1844";"170833,92450";"2,90576417455459";"50,8387906104692"
"2";"4x4";"192";"46663,3010";"174811,24100";"2,90047676644482";"50,8744855731001"
"2";"4x4";"193";"46369,2031";"178788,58430";"2,89517826114228";"50,9101801354371"
"2";"4x4";"194";"46074,8965";"182765,85600";"2,88986874368589";"50,9458733993239"
"2";"4x4";"195";"45780,4687";"186743,26330";"2,88454937602517";"50,9815672278599"
"2";"4x4";"196";"45485,8319";"190720,60210";"2,87921894261423";"51,0172597562156"
"2";"4x4";"197";"45190,9794";"194697,97370";"2,87387729380673";"51,0529518787550"
"2";"4x4";"198";"44895,9111";"198675,37960";"2,86852440203071";"51,0886435940596"
"2";"4x4";"199";"44600,6328";"202652,72170";"2,86316035271230";"51,1243340066798"
"2";"4x4";"200";"44305,2383";"206630,10720";"2,85778642992352";"51,1600240822847"
"2";"4x4";"201";"44009,6271";"210607,53170";"2,85240117481020";"51,1957137481666"
"2";"4x4";"216";"51228,3701";"167150,10880";"2,96737770657766";"50,8064210244098"
"2";"4x4";"217";"50934,6627";"171127,65500";"2,96214315785443";"50,8421211656453"
"2";"4x4";"218";"50640,8420";"175105,23270";"2,95689903549204";"50,8778209847807"
"2";"4x4";"219";"50346,7140";"179082,73150";"2,95164258946518";"50,9135194416900"
"2";"4x4";"220";"50052,4723";"183060,26480";"2,94637651554386";"50,9492175739223"
"2";"4x4";"221";"49758,0164";"187037,82800";"2,94109936196520";"50,9849153081313"
"3";"4x4";"222";"49463,3525";"191015,32300";"2,93581121868151";"51,0206117488852"
"3";"4x4";"223";"49168,4678";"194992,95080";"2,93051182278597";"51,0563086855812"
"3";"4x4";"224";"48873,4746";"198970,51950";"2,92520280404081";"51,0920043982837"
"3";"4x4";"225";"48578,2662";"202948,12420";"2,91988259024873";"51,1276997083042"
"3";"4x4";"226";"48282,8487";"206925,66690";"2,91455127029869";"51,1633937211035"
"3";"4x4";"227";"47987,2156";"210903,24870";"2,90920869756562";"51,1990873292307"
"3";"4x4";"241";"55499,6115";"163466,00180";"3,02890733829273";"50,7740161999008"
"3";"4x4";"242";"55206,0780";"167443,77830";"3,02372549554668";"50,8097214829342"
"3";"4x4";"243";"54912,4387";"171421,48520";"3,01853429765484";"50,8454255542674"
"3";"4x4";"244";"54618,4871";"175399,21160";"3,01333076662666";"50,8811291663006"
"3";"4x4";"245";"54324,4293";"179376,87150";"3,00811782709043";"50,9168315650269"
"3";"4x4";"246";"54030,1525";"183354,65980";"3,00289380179540";"50,9525344689300"
"3";"4x4";"247";"53735,7689";"187332,38450";"2,99766031325423";"50,9882361561339"
"3";"4x4";"248";"53441,0719";"191310,13500";"2,99241437228639";"51,0239373811107"
"3";"4x4";"249";"53146,2676";"195287,82500";"2,98715891256580";"51,0596373876634"
"3";"4x4";"250";"52851,2433";"199265,64950";"2,98189225207412";"51,0953378947654"
"3";"4x4";"251";"52556,0112";"203243,41070";"2,97661459199698";"51,1310371118926"
"3";"4x4";"252";"52260,5647";"207221,20960";"2,97132578585661";"51,1667359307731"
"3";"4x4";"253";"51965,0099";"211198,95430";"2,96602735060773";"51,2024335286161"
"3";"4x4";"254";"51669,2402";"215176,74000";"2,96071771243285";"51,2381307281206"
"3";"4x4";"268";"59183,9959";"167737,34220";"3,08008416363939";"50,8129939250365"
"3";"4x4";"269";"58890,3249";"171715,20310";"3,07493492520439";"50,8487018297809"
"3";"4x4";"270";"58596,4365";"175693,18970";"3,06977473787047";"50,8844102491787"
"3";"4x4";"271";"58302,3427";"179671,10380";"3,06460379644712";"50,9201173888809"
"3";"4x4";"272";"58008,0434";"183648,94710";"3,05942207479776";"50,9558232493903"
"3";"4x4";"273";"57713,6259";"187626,92660";"3,05423073962552";"50,9915296902771"
"3";"4x4";"274";"57419,0023";"191604,83830";"3,04902856750541";"51,0272348493455"
"3";"4x4";"275";"57124,1662";"195582,78340";"3,04381541686769";"51,0629396203059"
"3";"4x4";"276";"56829,1173";"199560,76360";"3,03859125780590";"51,0986440035316"
"3";"4x4";"277";"56533,9616";"203538,68660";"3,03335760289186";"51,1343471717567"
"3";"4x4";"278";"56238,5926";"207516,64780";"3,02811288349863";"51,1700499504302"
"3";"4x4";"279";"55943,0100";"211494,64850";"3,02285706953859";"51,2057523362893"
"3";"4x4";"280";"55647,2135";"215472,69050";"3,01759013069653";"51,2414543305501"
"3";"4x4";"294";"63162,1176";"168030,90010";"3,13645353348049";"50,8162392351029"
"3";"4x4";"295";"62868,4089";"172009,01440";"3,13134616900299";"50,8519518462826"
"3";"4x4";"296";"62574,4899";"175987,15470";"3,12622804341157";"50,8876640808892"
"3";"4x4";"297";"62280,4667";"179965,22890";"3,12110066291812";"50,9233751123567"
"3";"4x4";"298";"61986,1326";"183943,32610";"3,11596104362567";"50,9590856956108"
"3";"4x4";"299";"61691,6876";"187921,46010";"3,11081200265585";"50,9947959701296"
"3";"4x4";"300";"61397,1377";"191899,53250";"3,10565362776308";"51,0305050378014"
"3";"4x4";"301";"61102,2761";"195877,63260";"3,10048292629673";"51,0662136548819"
"3";"4x4";"302";"60807,3028";"199855,77390";"3,09530272164202";"51,1019219584818"
"3";"4x4";"303";"60512,1175";"203833,95210";"3,09011156014572";"51,1376298797628"
"3";"4x4";"304";"60216,7198";"207812,16860";"3,08490941054870";"51,1733374163686"
"3";"4x4";"305";"59921,1158";"211790,32510";"3,07969635924263";"51,2090436709309"
"3";"4x4";"306";"59625,3991";"215768,52910";"3,07447369480037";"51,2447496093508"
"3";"4x4";"307";"59329,4755";"219746,67630";"3,06924007134031";"51,2804542647659"
"3";"4x4";"319";"67433,8679";"164346,30290";"3,19788671189579";"50,7837414625840"
"3";"4x4";"320";"67140,3368";"168324,54560";"3,19283201287110";"50,8194582296042"
"3";"4x4";"321";"66846,5967";"172302,81290";"3,18776665842135";"50,8551746261915"
"3";"4x4";"322";"66552,7474";"176281,11260";"3,18269204069816";"50,8908907220138"
"3";"4x4";"323";"66258,6949";"180259,34030";"3,17760682547725";"50,9266055505680"
"3";"4x4";"324";"65964,4263";"184237,69710";"3,17251075912402";"50,9623209027376"
"3";"4x4";"325";"65669,9540";"188215,98490";"3,16740403875157";"50,9980349849696"
"3";"4x4";"326";"65375,3778";"192194,21150";"3,16228806100191";"51,0337478671670"
"3";"4x4";"327";"65080,5848";"196172,57180";"3,15716114903996";"51,0694612698847"
"3";"4x4";"328";"64785,5872";"200150,86780";"3,15202349793236";"51,1051734004904"
"3";"4x4";"329";"64490,3786";"204129,20070";"3,14687496808061";"51,1408851527613"
"3";"4x4";"330";"64195,0589";"208107,57830";"3,14171696096657";"51,1765965967605"
"3";"4x4";"331";"63899,5275";"212085,99600";"3,13654801638047";"51,2123076614534"
"3";"4x4";"332";"63603,7906";"216064,35550";"3,13136822134700";"51,2480174494459"
"3";"4x4";"333";"63307,8417";"220042,75820";"3,12617743368351";"51,2837268561774"
"3";"4x4";"334";"63011,7867";"224021,11190";"3,12097716899479";"51,3194350541319"
"3";"4x4";"345";"71412,3293";"164639,69000";"3,25423391898802";"50,7869286524646"
"3";"4x4";"346";"71118,7660";"168618,08500";"3,24922117939858";"50,8226491752202"
"3";"4x4";"347";"70825,0885";"172596,61070";"3,24419917032858";"50,8583702978575"
"3";"4x4";"348";"70531,2091";"176575,06320";"3,23916666796604";"50,8940901610502"
"3";"4x4";"349";"70237,1211";"180553,54360";"3,23412353136073";"50,9298096578648"
"4";"4x4";"350";"69942,9308";"184531,95990";"3,22907126930958";"50,9655279612686"
"4";"4x4";"351";"69648,4251";"188510,50100";"3,22400678421816";"51,0012467250186"
"4";"4x4";"352";"69353,8165";"192488,98100";"3,21893311808176";"51,0369642927881"
"4";"4x4";"353";"69059,1047";"196467,40141";"3,21385024548653";"51,0726806635146"
"4";"4x4";"354";"68764,0769";"200445,95130";"3,20875506524185";"51,1083974920299"
"4";"4x4";"355";"68468,9453";"204424,44460";"3,20365062240163";"51,1441131208541"
"4";"4x4";"356";"68173,6035";"208402,97670";"3,19853535303123";"51,1798283776055"
"4";"4x4";"357";"67878,0512";"212381,54920";"3,19340922754448";"51,2155432617477"
"4";"4x4";"358";"67582,2881";"216360,16340";"3,18827221632653";"51,2512577700336"
"4";"4x4";"359";"67286,4202";"220338,72740";"3,18312583445104";"51,2869710768597"
"4";"4x4";"360";"66990,3411";"224317,33630";"3,17796851261074";"51,3226840068726"
"4";"4x4";"370";"75684,2890";"160954,44230";"3,31555058471344";"50,7543631295338"
"4";"4x4";"371";"75390,8942";"164933,06520";"3,31059019486666";"50,7900886362891"
"4";"4x4";"372";"75097,3927";"168911,71780";"3,30562074895315";"50,8258138537856"
"4";"4x4";"373";"74803,6842";"172890,39560";"3,30064080270650";"50,8615387140575"
"4";"4x4";"374";"74509,8749";"176869,00640";"3,29565186050637";"50,8972623874104"
"4";"4x4";"375";"74215,7579";"180847,63930";"3,29065094072064";"50,9329856331803"
"4";"4x4";"376";"73921,5334";"184826,30810";"3,28564086290377";"50,9687085866857"
"4";"4x4";"377";"73627,1008";"188805,00810";"3,28062017392497";"51,0044311778329"
"4";"4x4";"378";"73332,4663";"192783,64120";"3,27558895842561";"51,0401525109183"
"4";"4x4";"379";"73037,7234";"196762,31480";"3,27054850388441";"51,0758735488972"
"4";"4x4";"380";"72742,7717";"200741,02430";"3,26549735649286";"51,1115942223805"
"4";"4x4";"381";"72447,6173";"204719,67140";"3,26043559978574";"51,1473136338619"
"4";"4x4";"382";"72152,3475";"208698,46340";"3,25536441360938";"51,1830336434080"
"4";"4x4";"383";"71856,7743";"212677,19010";"3,25028113074223";"51,2187523216997"
"4";"4x4";"384";"71561,0915";"216655,96490";"3,24518847465088";"51,2544706992212"
"4";"4x4";"385";"71265,2049";"220634,68350";"3,24008509622336";"51,2901878110456"
"4";"4x4";"386";"70969,1080";"224613,44730";"3,23497085555471";"51,3259045527060"
"4";"4x4";"396";"79663,0904";"161247,66030";"3,37187535192933";"50,7574922619465"
"4";"4x4";"397";"79369,7565";"165226,54010";"3,36695820461835";"50,7932224331860"
"4";"4x4";"398";"79076,2232";"169205,34410";"3,36203077028786";"50,8289513586569"
"4";"4x4";"399";"78782,5840";"173184,17950";"3,35709433302891";"50,8646799986970"
"4";"4x4";"400";"78488,6385";"177163,03570";"3,35214602577513";"50,9004082188185"
"4";"4x4";"401";"78194,5928";"181141,82670";"3,34718877001173";"50,9361352565573"
"4";"4x4";"402";"77900,3405";"185120,64760";"3,34222101211123";"50,9718619389440"
"4";"4x4";"403";"77605,9812";"189099,50620";"3,33724414544413";"51,0075883337376"
"4";"4x4";"404";"77311,3209";"193078,29190";"3,33225540512172";"51,0433134079150"
"4";"4x4";"405";"77016,5470";"197057,21810";"3,32725739543050";"51,0790390881847"
"4";"4x4";"406";"76721,6717";"201036,08670";"3,32225030881158";"51,1147635809106"
"4";"4x4";"407";"76426,4884";"205014,98690";"3,31723115424011";"51,1504876469135"
"4";"4x4";"408";"76131,2032";"208993,83260";"3,31220286895405";"51,1862105236788"
"4";"4x4";"409";"75835,7094";"212972,71910";"3,30716388558226";"51,2219330393818"
"4";"4x4";"410";"75540,0070";"216951,64780";"3,30211417916594";"51,2576551917336"
"4";"4x4";"411";"75244,1956";"220930,62650";"3,29705515101456";"51,2933770488612"
"4";"4x4";"412";"74948,0750";"224909,64450";"3,29198390990107";"51,3290984738089"
"4";"4x4";"422";"83642,0889";"161540,97240";"3,42821034757465";"50,7605951550063"
"4";"4x4";"423";"83348,7286";"165519,90310";"3,42333526642042";"50,7963281082231"
"4";"4x4";"424";"83055,2574";"169498,96370";"3,41845117887014";"50,8320616784759"
"4";"4x4";"425";"82761,4875";"173477,94400";"3,41355543483064";"50,8677939400514"
"4";"4x4";"426";"82467,6124";"177456,95760";"3,40865073776805";"50,9035259216634"
"4";"4x4";"427";"82173,6382";"181435,90610";"3,40373717213932";"50,9392567249851"
"4";"4x4";"428";"81879,3520";"185414,97850";"3,39881165171692";"50,9749880093054"
"4";"4x4";"429";"81584,9662";"189393,98900";"3,39387720982018";"51,0107181146564"
"4";"4x4";"430";"81290,3742";"193373,03270";"3,38893228838290";"51,0464478686159"
"4";"4x4";"431";"80995,6820";"197352,01750";"3,38397839333835";"51,0821764412138"
"4";"4x4";"432";"80700,6769";"201331,13230";"3,37901243093149";"51,1179054902195"
"4";"4x4";"433";"80405,5711";"205310,19140";"3,37403744130912";"51,1536333570802"
"4";"4x4";"434";"80110,2581";"209289,28990";"3,36905186244670";"51,1893608690352"
"4";"4x4";"435";"79814,7440";"213268,32950";"3,36405577627773";"51,2250871284988"
"4";"4x4";"436";"79519,1222";"217247,41780";"3,35905047578952";"51,2608130991125"
"4";"4x4";"437";"79223,2924";"221226,55010";"3,35403450277590";"51,2965387116265"
"4";"4x4";"438";"78927,2544";"225205,72800";"3,34900782938819";"51,3322639655048"
"4";"4x4";"439";"78631,1080";"229184,95920";"3,34397186219899";"51,3679889274133"
"4";"4x4";"448";"87621,1970";"161834,17290";"3,48455430645476";"50,7636699409879"
"4";"4x4";"449";"87327,8980";"165813,35950";"3,47972251975127";"50,7994075086599"
"4";"4x4";"450";"87034,3953";"169792,57050";"3,47488049303188";"50,8351447380942"
"4";"4x4";"451";"86740,6950";"173771,70740";"3,47002830648881";"50,8708807298451"
"4";"4x4";"452";"86446,7904";"177750,87170";"3,46516582437923";"50,9066163808486"
"5";"4x4";"453";"86152,7815";"181730,07090";"3,46029444456494";"50,9423517547707"
"5";"4x4";"454";"85858,5680";"185709,30060";"3,45541271933714";"50,9780867864046"
"5";"4x4";"455";"85564,1557";"189688,46240";"3,45052072495163";"51,0138205771748"
"5";"4x4";"456";"85269,5383";"193667,65770";"3,44561833032729";"51,0495540230550"
"5";"4x4";"457";"84974,8156";"197646,89410";"3,44070693443716";"51,0852871887687"
"5";"4x4";"458";"84679,8934";"201626,06730";"3,43578518994308";"51,1210191116079"
"5";"4x4";"459";"84384,8591";"205605,38450";"3,43085428509962";"51,1567516490112"
"5";"4x4";"460";"84089,5249";"209584,63540";"3,42591155048653";"51,1924828747316"
"5";"4x4";"461";"83794,0905";"213563,83380";"3,42095981520704";"51,2282129207235"
"5";"4x4";"474";"91600,6023";"162127,47330";"3,54090978758189";"50,7667185323570"
"5";"4x4";"475";"91307,1709";"166106,80350";"3,53611859091884";"50,8024596647176"
"5";"4x4";"476";"91013,7370";"170086,17030";"3,53132006904096";"50,8382005923781"
"5";"4x4";"477";"90720,0063";"174065,45730";"3,52651004289363";"50,8739402246908"
"5";"4x4";"478";"90426,1725";"178044,77790";"3,52169122201605";"50,9096795859792"
"5";"4x4";"479";"90132,1354";"182024,12750";"3,51686216133359";"50,9454186100132"
"5";"4x4";"480";"89837,8945";"186003,50790";"3,51202282997536";"50,9811572981774"
"5";"4x4";"481";"89543,5499";"189982,92640";"3,50717462960851";"51,0168957117630"
"5";"4x4";"482";"89248,9073";"193962,27280";"3,50231478729512";"51,0526328252968"
"5";"4x4";"483";"88954,2604";"197941,66660";"3,49744744820848";"51,0883697289130"
"5";"4x4";"484";"88659,3088";"201921,09100";"3,49256830738199";"51,1241062253281"
"5";"4x4";"485";"88364,2524";"205900,55990";"3,48768019260982";"51,1598424457952"
"5";"4x4";"486";"88068,9971";"209879,96890";"3,48278175494392";"51,1955774272526"
"5";"4x4";"487";"87773,5364";"213859,41930";"3,47787286042782";"51,2313120646690"
"5";"4x4";"500";"95580,1172";"162420,66190";"3,59727410344941";"50,7697389973154"
"5";"4x4";"501";"95286,7475";"166400,24700";"3,59252625450110";"50,8054846948164"
"5";"4x4";"502";"94993,1885";"170379,65720";"3,58776852481472";"50,8412282710938"
"5";"4x4";"503";"94699,5215";"174359,19960";"3,58300200131079";"50,8769724797567"
"5";"4x4";"504";"94405,6524";"178338,76970";"3,57822534142650";"50,9127163578952"
"5";"4x4";"505";"94111,6872";"182318,27540";"3,57344004429241";"50,9484590731211"
"5";"4x4";"506";"93817,4193";"186297,80580";"3,56864313468883";"50,9842013918045"
"5";"4x4";"507";"93523,0486";"190277,37470";"3,56383743265913";"51,0199434425277"
"5";"4x4";"508";"93228,4748";"194256,97750";"3,55902148824034";"51,0556851595311"
"5";"4x4";"509";"92933,8039";"198236,52210";"3,55419680522339";"51,0914257106621"
"5";"4x4";"510";"92638,9294";"202216,10370";"3,54936182755343";"51,1271659264699"
"5";"4x4";"511";"92343,8510";"206195,72380";"3,54451652700627";"51,1629058056055"
"5";"4x4";"512";"92048,5747";"210175,28410";"3,53966098131964";"51,1986444503448"
"5";"4x4";"513";"91753,1941";"214154,89220";"3,53479648988355";"51,2343828224355"
"5";"4x4";"514";"91457,5089";"218134,53740";"3,52992016395091";"51,2701207907217"
"5";"4x4";"526";"99559,7292";"162713,93800";"3,65364698283187";"50,7727331189111"
"5";"4x4";"527";"99266,4337";"166693,57800";"3,64894270937583";"50,8084815638669"
"5";"4x4";"528";"98972,9314";"170673,34270";"3,64422832842175";"50,8442305827942"
"5";"4x4";"529";"98679,2345";"174653,03400";"3,63950401756524";"50,8799783813198"
"5";"4x4";"530";"98385,3426";"178632,65350";"3,63476974844925";"50,9157249591272"
"5";"4x4";"531";"98091,3432";"182612,40840";"3,63002671439159";"50,9514721718374"
"5";"4x4";"532";"97797,1485";"186592,09460";"3,62527367370900";"50,9872181623641"
"5";"4x4";"533";"97502,7519";"190571,81330";"3,62051049513444";"51,0229638250554"
"5";"4x4";"534";"97208,2532";"194551,57230";"3,61573857770448";"51,0587092243560"
"5";"4x4";"535";"96913,5585";"198531,26710";"3,61095657620552";"51,0944533977810"
"5";"4x4";"536";"96618,6549";"202511,09890";"3,60616425395033";"51,1301981378371"
"5";"4x4";"537";"96323,5547";"206490,86970";"3,60136179196416";"51,1659416511809"
"5";"4x4";"538";"96028,3578";"210470,58710";"3,59655059525496";"51,2016840006919"
"5";"4x4";"539";"95732,9512";"214450,44610";"3,59172899684376";"51,2374269137813"
"5";"4x4";"540";"95437,3474";"218430,24870";"3,58689718139012";"51,2731685971817"
"5";"4x4";"552";"103539,6508";"163007,11410";"3,71003140147439";"50,7756992214792"
"5";"4x4";"553";"103246,3173";"166987,00200";"3,70536910817040";"50,8114521188028"
"5";"4x4";"554";"102952,7842";"170966,91490";"3,70069688597113";"50,8472046980131"
"5";"4x4";"555";"102659,0574";"174946,75480";"3,69601480862103";"50,8829560639797"
"5";"4x4";"556";"102365,2306";"178926,62880";"3,69132417242055";"50,9187071724395"
"5";"4x4";"557";"102071,2035";"182906,53260";"3,68662353090087";"50,9544579619260"
"5";"4x4";"558";"101776,9820";"186886,36790";"3,68191295809248";"50,9902075346146"
"5";"4x4";"559";"101482,6597";"190866,24210";"3,67719375132264";"51,0259568490211"
"5";"4x4";"560";"101188,1364";"194846,15050";"3,67246446211644";"51,0617058398843"
"5";"4x4";"561";"100893,4117";"198826,09490";"3,66772506134453";"51,0974545085893"
"5";"4x4";"562";"100598,5918";"202805,98300";"3,66297705541021";"51,1332020198087"
"5";"4x4";"563";"100303,5639";"206786,00980";"3,65821878542057";"51,1689501019714"
"5";"4x4";"564";"100008,3463";"210765,87760";"3,65345053026451";"51,2046960660763"
"5";"4x4";"565";"99712,9202";"214745,88720";"3,64867195653141";"51,2404425993317"
"5";"4x4";"566";"99417,3916";"218725,94650";"3,64388457192313";"51,2761888683801"
"6";"4x4";"578";"107519,6695";"163300,37750";"3,76642425897079";"50,7786389618182"
"6";"4x4";"579";"107226,3043";"167280,41300";"3,76180406916107";"50,8143953907403"
"6";"4x4";"580";"106932,7405";"171260,47370";"3,75717402761095";"50,8501515069245"
"6";"4x4";"581";"106639,0842";"175240,46760";"3,75253563038791";"50,8859064766035"
"6";"4x4";"582";"106345,2226";"179220,58960";"3,74788723127280";"50,9216620287829"
"6";"4x4";"583";"106051,2679";"183200,64790";"3,74323042692896";"50,9574164331360"
"6";"4x4";"584";"105757,1199";"187180,63790";"3,73856377171265";"50,9931696261728"
"6";"4x4";"585";"105462,7721";"191160,66080";"3,73388713831138";"51,0289225023652"
"6";"4x4";"586";"105168,2180";"195140,81810";"3,72920039862366";"51,0646759588111"
"6";"4x4";"587";"104873,4761";"199120,81190";"3,72450383010612";"51,1004273044929"
"6";"4x4";"588";"104578,7276";"203100,95530";"3,71979996038732";"51,1361793532037"
"6";"4x4";"589";"104283,5843";"207081,02590";"3,71508324991489";"51,1719300607918"
"6";"4x4";"590";"103988,4402";"211061,14940";"3,71035929108933";"51,2076805733455"
"6";"4x4";"591";"103693,0947";"215041,31520";"3,70562519596064";"51,2434307650401"
"6";"4x4";"604";"111499,7915";"163593,62830";"3,82282559299919";"50,7815514352854"
"6";"4x4";"605";"111206,4887";"167573,91670";"3,81824885111445";"50,8173123289443"
"6";"4x4";"606";"110913,0007";"171554,03100";"3,81366253378643";"50,8530711227712"
"6";"4x4";"607";"110619,3087";"175534,27210";"3,80906632026717";"50,8888305057369"
"6";"4x4";"608";"110325,5249";"179514,44820";"3,80446180410908";"50,9245887466762"
"6";"4x4";"609";"110031,4427";"183494,64820";"3,79984601623896";"50,9603466160063"
"6";"4x4";"610";"109737,2621";"187474,88617";"3,79522177812109";"50,9961042391973"
"6";"4x4";"611";"109442,9828";"191455,16320";"3,79058906593448";"51,0318616114719"
"6";"4x4";"612";"109148,4105";"195435,36920";"3,78594510062271";"51,0676177150138"
"6";"4x4";"613";"108853,7391";"199415,61760";"3,78129261208088";"51,1033735682945"
"6";"4x4";"614";"108558,9683";"203395,90990";"3,77663157620452";"51,1391291701831"
"6";"4x4";"615";"108263,9038";"207376,13580";"3,77195920769427";"51,1748835006496"
"6";"4x4";"616";"107968,7332";"211356,50840";"3,76727814052888";"51,2106384738034"
"6";"4x4";"617";"107673,3685";"215336,82380";"3,76258711792437";"51,2463922358622"
"6";"4x4";"630";"115480,2169";"163886,87860";"3,87923817599670";"50,7844367553904"
"6";"4x4";"631";"115186,7827";"167867,30740";"3,87470216708858";"50,8202010700211"
"6";"4x4";"632";"114893,3583";"171847,67440";"3,87015940023193";"50,8559643093217"
"6";"4x4";"633";"114599,6369";"175828,06240";"3,86560549178649";"50,8917271846374"
"6";"4x4";"634";"114305,8249";"179808,38560";"3,86104336031736";"50,9274889225347"
"6";"4x4";"635";"114011,8155";"183788,73920";"3,85647145765758";"50,9632503576683"
"6";"4x4";"636";"113717,7087";"187769,13070";"3,85189118516429";"50,9990115490039"
"6";"4x4";"637";"113423,3041";"191749,54950";"3,84729966774748";"51,0347723740783"
"6";"4x4";"638";"113128,8077";"195729,90960";"3,84269982725416";"51,0705320580779"
"6";"4x4";"639";"112834,2132";"199710,31220";"3,83809154451264";"51,1062914957100"
"6";"4x4";"640";"112539,4202";"203690,75300";"3,83347336590994";"51,1420506272414"
"6";"4x4";"641";"112244,3284";"207671,22720";"3,82884383487791";"51,1778093882167"
"6";"4x4";"654";"120046,8845";"156219,12560";"3,94461509439848";"50,7157591361955"
"6";"4x4";"655";"119753,9095";"160199,65930";"3,94014183671415";"50,7515275582211"
"6";"4x4";"656";"119460,6394";"164180,20970";"3,93565759454485";"50,7872956257857"
"6";"4x4";"657";"119167,3803";"168160,69700";"3,93116669364491";"50,8230626229335"
"6";"4x4";"658";"118873,8256";"172141,20400";"3,92666475745294";"50,8588292633141"
"6";"4x4";"659";"118580,1752";"176121,74470";"3,92215460083708";"50,8945956687516"
"6";"4x4";"660";"118286,3288";"180102,31430";"3,91763477865546";"50,9303617761234"
"6";"4x4";"661";"117992,3924";"184082,82080";"3,91310678571041";"50,9661267495968"
"6";"4x4";"662";"117698,2596";"188063,35930";"3,90856907932101";"51,0018914236107"
"6";"4x4";"663";"117403,9300";"192043,93150";"3,90402163132470";"51,0376557987183"
"6";"4x4";"664";"117109,4034";"196024,53880";"3,89946441634742";"51,0734198727738"
"6";"4x4";"665";"116814,7859";"200005,08920";"3,89489893526542";"51,1091828101734"
"6";"4x4";"666";"116519,9709";"203985,67780";"3,89032363725038";"51,1449454450196"
"6";"4x4";"667";"116224,9582";"207966,30620";"3,88573849666296";"51,1807077769251"
"6";"4x4";"668";"115929,8477";"211946,98210";"3,88114491979940";"51,2164698662166"
"6";"4x4";"680";"124027,5815";"156512,05950";"4,00096015086668";"50,7185830236504"
"6";"4x4";"681";"123734,5735";"160492,73840";"3,99652893575405";"50,7543548694354"
"6";"4x4";"682";"123441,3714";"164473,44030";"3,99208823084898";"50,7901264260592"
"6";"4x4";"683";"123148,0813";"168454,07300";"3,98763952704093";"50,8258968549586"
"6";"4x4";"684";"122854,4904";"172434,82560";"3,98317976981123";"50,8616678316665"
"6";"4x4";"685";"122560,9111";"176415,51830";"3,97871338763458";"50,8974377397932"
"6";"4x4";"686";"122267,0430";"180396,13420";"3,97423609353641";"50,9332063987986"
"6";"4x4";"687";"121973,0735";"184376,88680";"3,96975051432893";"50,9689757220899"
"6";"4x4";"688";"121678,9147";"188357,57190";"3,96525539418497";"51,0047438552707"
"6";"4x4";"689";"121384,6603";"192338,29700";"3,96075203900313";"51,0405117546054"
"6";"4x4";"690";"121090,1098";"196319,05120";"3,95623756979019";"51,0762792975712"
"6";"4x4";"691";"120795,5633";"200299,85470";"3,95171624471967";"51,1120466659772"
"6";"4x4";"692";"120500,7266";"204280,59060";"3,94718385310470";"51,1478127796659"
"7";"4x4";"693";"120205,7932";"208261,37270";"3,94264312775040";"51,1835786566129"
"7";"4x4";"706";"128008,3815";"156804,98150";"4,05731338521116";"50,7213796590642"
"7";"4x4";"707";"127715,3406";"160785,80490";"4,05292423360094";"50,7571549026196"
"7";"4x4";"708";"127422,2067";"164766,65770";"4,04852708868492";"50,7929299218182"
"7";"4x4";"709";"127128,8796";"168747,53530";"4,04412051024805";"50,8287046569210"
"7";"4x4";"710";"126835,3651";"172728,33940";"4,03970456527667";"50,8644782098740"
"7";"4x4";"711";"126541,7570";"176709,17750";"4,03528055913654";"50,9002515362008"
"7";"4x4";"712";"126247,9549";"180690,04490";"4,03084704532587";"50,9360245750594"
"7";"4x4";"713";"125953,9586";"184670,94340";"4,02640399907429";"50,9717973279556"
"7";"4x4";"714";"125659,8742";"188651,78060";"4,02195291634201";"51,0075689540744"
"7";"4x4";"715";"125365,4888";"192632,74550";"4,01749073046739";"51,0433411287871"
"7";"4x4";"716";"125071,0147";"196613,65230";"4,01302045782339";"51,0791121761993"
"7";"4x4";"717";"124776,4518";"200594,50260";"4,00854207848662";"51,1148820961752"
"7";"4x4";"718";"124481,6872";"204575,49130";"4,00405394683494";"51,1506526210786"
"7";"4x4";"719";"124186,7333";"208556,42040";"3,99955623152380";"51,1864219569706"
"7";"4x4";"720";"123891,5896";"212537,29150";"3,99504890341636";"51,2221901035013"
"7";"4x4";"732";"131989,3846";"157097,89730";"4,11367615096591";"50,7241490898680"
"7";"4x4";"733";"131696,4110";"161078,87090";"4,10933050310870";"50,7599277659122"
"7";"4x4";"734";"131403,2454";"165059,86800";"4,10497552338619";"50,7957061641632"
"7";"4x4";"735";"131109,8875";"169040,89010";"4,10061118613590";"50,8314842834863"
"7";"4x4";"736";"130816,4373";"173021,94480";"4,09623889010206";"50,8672621808699"
"7";"4x4";"737";"130522,8005";"177002,92780";"4,09185728196085";"50,9030389010990"
"7";"4x4";"738";"130228,9708";"180983,94040";"4,08746624554447";"50,9388153399583"
"7";"4x4";"739";"129934,9479";"184964,98410";"4,08306575487159";"50,9745914962618"
"7";"4x4";"740";"129640,8378";"188945,96680";"4,07865730372615";"51,0103665311643"
"7";"4x4";"741";"129346,5279";"192927,08360";"4,07423925738813";"51,0461421799087"
"7";"4x4";"742";"129052,1304";"196908,14240";"4,06981320570679";"51,0819167050611"
"7";"4x4";"743";"128757,5388";"200889,23860";"4,06537760393950";"51,1176909457300"
"7";"4x4";"744";"128462,7590";"204870,27380";"4,06093252021875";"51,1534640029391"
"7";"4x4";"745";"128167,8784";"208851,45540";"4,05647917059935";"51,1892377294931"
"7";"4x4";"746";"127872,7092";"212832,57300";"4,05201486028357";"51,2250102124336"
"7";"4x4";"758";"135970,5906";"157390,80690";"4,17004838184468";"50,7268913071597"
"7";"4x4";"759";"135677,5782";"161372,02390";"4,16574475082827";"50,7626742298884"
"7";"4x4";"760";"135384,3810";"165353,16480";"4,16143195682067";"50,7984559829248"
"7";"4x4";"761";"135091,0927";"169334,33700";"4,15711130491061";"50,8342375195677"
"7";"4x4";"762";"134797,6129";"173315,53590";"4,15278135097265";"50,8700187813896"
"7";"4x4";"763";"134503,9477";"177296,66330";"4,14844216455727";"50,9057988711737"
"7";"4x4";"764";"134210,0905";"181277,82040";"4,14409362650136";"50,9415786838492"
"7";"4x4";"765";"133916,1412";"185259,01500";"4,13973713746741";"50,9773582776403"
"7";"4x4";"766";"133621,9995";"189240,24260";"4,13537125012585";"51,0131375947622"
"7";"4x4";"767";"133327,7715";"193221,41080";"4,13099746012951";"51,0489157930068"
"7";"4x4";"768";"133033,3507";"197202,61500";"4,12661422517846";"51,0846937123018"
"7";"4x4";"769";"132738,7367";"201183,85680";"4,12222151773176";"51,1204713523142"
"7";"4x4";"770";"132444,0294";"205165,14370";"4,11782074350047";"51,1562487687680"
"7";"4x4";"771";"132149,1348";"209146,37150";"4,11341054434903";"51,1920250075991"
"7";"4x4";"772";"131854,0464";"213127,64140";"4,10899080065973";"51,2278009635258"
"7";"4x4";"773";"131558,7639";"217108,95500";"4,10456148598930";"51,2635766361650"
"7";"4x4";"784";"139951,8933";"157683,80390";"4,22642850757942";"50,7296071417121"
"7";"4x4";"785";"139658,8547";"161665,06420";"4,22216709858614";"50,7653924928428"
"7";"4x4";"786";"139365,7262";"165646,35450";"4,21789793218416";"50,8011776330656"
"7";"4x4";"787";"139072,4075";"169627,67010";"4,21361956686020";"50,8369625038126"
"7";"4x4";"788";"138778,8984";"173609,01270";"4,20933197866910";"50,8727471057540"
"7";"4x4";"789";"138485,2986";"177590,38990";"4,20503656378136";"50,9085314945557"
"7";"4x4";"790";"138191,4141";"181571,69110";"4,20073054737978";"50,9443146575991"
"7";"4x4";"791";"137897,5387";"185553,03610";"4,19641808508610";"50,9800976631266"
"7";"4x4";"792";"137603,3717";"189534,40810";"4,19209487746388";"51,0158803393684"
"7";"4x4";"793";"137309,1195";"193515,72100";"4,18776384638089";"51,0516619020574"
"7";"4x4";"794";"137014,6692";"197497,16990";"4,18342335578003";"51,0874440879007"
"7";"4x4";"795";"136720,1331";"201478,56280";"4,17907499461705";"51,1232251588986"
"7";"4x4";"796";"136425,4047";"205459,99500";"4,17471721908339";"51,1590059546603"
"7";"4x4";"797";"136130,4900";"209441,36820";"4,17035009702705";"51,1947855770432"
"7";"4x4";"798";"135835,4826";"213422,79000";"4,16597494291201";"51,2305649807921"
"7";"4x4";"799";"135540,2822";"217404,25560";"4,16159030131271";"51,2663441056662"
"7";"4x4";"810";"143933,3051";"157976,68850";"4,28281664623702";"50,7322947908692"
"7";"4x4";"811";"143640,3281";"161958,19730";"4,27859871726061";"50,7680843962046"
"7";"4x4";"812";"143347,1684";"165939,63040";"4,27437178151754";"50,8038728420288"
"7";"4x4";"813";"143053,8195";"169921,08900";"4,27013572447496";"50,8396610234502"
"7";"4x4";"814";"142760,3812";"173902,58090";"4,26589194306090";"50,8754489972196"
"8";"4x4";"815";"142466,7533";"177884,10140";"4,26163899492387";"50,9112367053346"
"8";"4x4";"816";"142172,9417";"181865,55230";"4,25737694507962";"50,9470232505046"
"8";"4x4";"817";"141879,0401";"185847,04100";"4,25310710485170";"50,9828095848671"
"8";"4x4";"818";"141584,9482";"189828,56300";"4,24882802700238";"51,0185956520260"
"8";"4x4";"819";"141290,6656";"193810,11990";"4,24453968454428";"51,0543814516934"
"8";"4x4";"820";"140996,2986";"197791,61940";"4,24024357566402";"51,0901661411695"
"8";"4x4";"821";"140701,7405";"201773,15690";"4,23593815614369";"51,1259505617778"
"8";"4x4";"822";"140406,9911";"205754,73390";"4,23162340161219";"51,1617347122956"
"8";"4x4";"823";"140112,1503";"209736,35800";"4,22730071949178";"51,1975186480219"
"8";"4x4";"824";"139817,1240";"213717,92490";"4,22296874712078";"51,2333014152481"
"8";"4x4";"825";"139521,9057";"217699,53590";"4,21862736720944";"51,2690839096681"
"8";"4x4";"826";"139226,5952";"221681,19870";"4,21427798879083";"51,3048661875935"
"8";"4x4";"836";"147915,0138";"158269,67250";"4,33921538966539";"50,7349561524824"
"8";"4x4";"837";"147622,0109";"162251,22360";"4,33503972471820";"50,7707481370324"
"8";"4x4";"838";"147328,8138";"166232,89870";"4,33085495097498";"50,8065407604545"
"8";"4x4";"839";"147035,5349";"170214,50590";"4,32666264473653";"50,8423322836052"
"8";"4x4";"840";"146741,9673";"174196,13430";"4,32245984839181";"50,8781234918927"
"8";"4x4";"841";"146448,4117";"178177,80370";"4,31825081358578";"50,9139145503601"
"8";"4x4";"842";"146154,5731";"182159,39770";"4,31403132916910";"50,9497043964142"
"8";"4x4";"843";"145860,6456";"186141,02970";"4,30980413439852";"50,9854940360469"
"8";"4x4";"844";"145566,6287";"190122,70120";"4,30556920438800";"51,0212834682456"
"8";"4x4";"845";"145272,3223";"194104,40170";"4,30132366739704";"51,0570725825044"
"8";"4x4";"846";"144977,9324";"198086,04510";"4,29707044066281";"51,0928605918347"
"8";"4x4";"847";"144683,4463";"202067,83250";"4,29280932235252";"51,1286492892608"
"8";"4x4";"848";"144388,6823";"206049,45390";"4,28853770116190";"51,1644358719873"
"8";"4x4";"849";"144093,9218";"210031,22850";"4,28425957417366";"51,2002231972132"
"8";"4x4";"850";"143798,8705";"214013,03990";"4,27997071426911";"51,2360102010981"
"8";"4x4";"851";"143503,7346";"217994,80180";"4,27567405280674";"51,2717960953782"
"8";"4x4";"852";"143208,4074";"221976,60960";"4,27136804009120";"51,3075817217216"
"8";"4x4";"853";"142912,8951";"225958,36510";"4,26705274534288";"51,3433661828294"
"8";"4x4";"863";"151603,7905";"162544,33640";"4,39148845838494";"50,7733854444920"
"8";"4x4";"864";"151310,5687";"166526,05350";"4,38734604671915";"50,8091804278148"
"8";"4x4";"865";"151017,2537";"170507,90240";"4,38319600419865";"50,8449761086017"
"8";"4x4";"866";"150723,7575";"174489,67900";"4,37903706221426";"50,8807706377530"
"8";"4x4";"867";"150430,1738";"178471,49080";"4,37487053320310";"50,9165649669802"
"8";"4x4";"868";"150136,4084";"182453,23340";"4,37069505909318";"50,9523581433741"
"8";"4x4";"869";"149842,4488";"186435,10790";"4,36651044149480";"50,9881519600605"
"8";"4x4";"870";"149548,4135";"190416,82260";"4,36231834846172";"51,0239437803439"
"8";"4x4";"871";"149254,1833";"194398,67230";"4,35811706242355";"51,0597362395970"
"8";"4x4";"872";"148959,7645";"198380,55880";"4,35390665216742";"51,0955284404241"
"8";"4x4";"873";"148665,2629";"202362,38990";"4,34968860842825";"51,1313195396270"
"8";"4x4";"874";"148370,5722";"206344,26090";"4,34546139364822";"51,1671103790325"
"8";"4x4";"875";"148075,7920";"210326,17940";"4,34122641166087";"51,2029010125750"
"8";"4x4";"876";"147780,7284";"214308,03500";"4,33698086874277";"51,2386904326515"
"8";"4x4";"877";"147485,5686";"218290,04110";"4,33272742180363";"51,2744805433116"
"8";"4x4";"878";"147190,3250";"222271,99950";"4,32846623160598";"51,3102695485437"
"8";"4x4";"879";"146894,8973";"226253,90580";"4,32419584096932";"51,3460573937176"
"8";"4x4";"889";"155585,6731";"162837,43590";"4,44794494348160";"50,7759954148447"
"8";"4x4";"890";"155292,5206";"166819,30020";"4,44384624549945";"50,8117936829929"
"8";"4x4";"891";"154999,1758";"170801,29060";"4,43973857640143";"50,8475926008655"
"8";"4x4";"892";"154705,7510";"174783,21500";"4,43562350874972";"50,8833904260596"
"8";"4x4";"893";"154412,1396";"178765,16850";"4,43149951096613";"50,9191879998690"
"8";"4x4";"894";"154118,3475";"182747,05310";"4,42736664541350";"50,9549844267007"
"8";"4x4";"895";"153824,4624";"186729,07590";"4,42322614326140";"50,9907815530363"
"8";"4x4";"896";"153530,3961";"190711,03280";"4,41907672750163";"51,0265775302395"
"8";"4x4";"897";"153236,1424";"194693,02510";"4,41491829033020";"51,0623732543184"
"8";"4x4";"898";"152941,8073";"198674,96070";"4,41075232343571";"51,0981678822004"
"8";"4x4";"899";"152647,2842";"202656,93480";"4,40657728742268";"51,1339622556288"
"8";"4x4";"900";"152352,6668";"206639,05490";"4,40239450175786";"51,1697573258028"
"8";"4x4";"901";"152057,7671";"210621,11070";"4,39820125704102";"51,2055511885490"
"8";"4x4";"902";"151762,8852";"214603,12210";"4,39400182675662";"51,2413440069804"
"8";"4x4";"903";"151467,7143";"218585,17210";"4,38979180050935";"51,2771365135518"
"8";"4x4";"904";"151172,4544";"222567,27450";"4,38557402214629";"51,3129288169905"
"8";"4x4";"905";"150877,0051";"226549,42480";"4,38134703264998";"51,3487208624171"
"8";"4x4";"914";"159860,7633";"159148,44780";"4,50845822027859";"50,7427754755718"
"8";"4x4";"915";"159567,7588";"163130,52790";"4,50441053502715";"50,7785780919895"
"8";"4x4";"916";"159274,5695";"167112,63280";"4,50035406726350";"50,8143804651199"
"8";"4x4";"917";"158981,3014";"171094,67040";"4,49629029986562";"50,8501817508222"
"9";"4x4";"918";"158687,8480";"175076,73580";"4,49221770509069";"50,8859827911959"
"9";"4x4";"919";"158394,2090";"179058,83070";"4,48813625846906";"50,9217835869396"
"9";"4x4";"920";"158100,4843";"183040,96270";"4,48404736171785";"50,9575841903686"
"9";"4x4";"921";"157806,5798";"187023,02740";"4,47994965511976";"50,9933836498289"
"9";"4x4";"922";"157512,4891";"191005,12610";"4,47584302951749";"51,0291828614050"
"9";"4x4";"923";"157218,3121";"194987,26660";"4,47172888966747";"51,0649818793194"
"9";"4x4";"924";"156923,9483";"198969,44430";"4,46760578335859";"51,1007806489325"
"9";"4x4";"925";"156629,5039";"202951,56691";"4,46347520554435";"51,1365783247904"
"9";"4x4";"926";"156334,7723";"206933,72380";"4,45933418671563";"51,1723756979998"
"9";"4x4";"927";"156040,0535";"210915,93460";"4,45518699591400";"51,2081729270028"
"9";"4x4";"928";"155745,0470";"214898,18280";"4,45102931528314";"51,2439698520172"
"9";"4x4";"929";"155449,9589";"218880,38220";"4,44686407295147";"51,2797656814338"
"9";"4x4";"930";"155154,6828";"222862,62800";"4,44268972695423";"51,3155612573458"
"9";"4x4";"931";"154859,3185";"226844,92810";"4,43850768875965";"51,3513566351671"
"9";"4x4";"932";"154563,7718";"230827,17790";"4,43431658600682";"51,3871508609306"
"9";"4x4";"933";"154268,1302";"234809,58480";"4,43011765823136";"51,4229457832967"
"9";"4x4";"934";"153972,2057";"238791,93850";"4,42590817991190";"51,4587394988356"
"9";"4x4";"941";"163549,9476";"163423,60637";"4,56088375078060";"50,7811334154569"
"9";"4x4";"942";"163256,8341";"167405,75784";"4,55687112438645";"50,8169381269698"
"9";"4x4";"943";"162963,5303";"171388,03560";"4,55284968703710";"50,8527434963480"
"9";"4x4";"944";"162670,0484";"175370,24160";"4,54881958484593";"50,8885477283736"
"9";"4x4";"945";"162376,4821";"179352,48340";"4,54478213448633";"50,9243517733845"
"9";"4x4";"946";"162082,7311";"183334,75630";"4,54073589127681";"50,9601555767801"
"9";"4x4";"947";"161788,8012";"187316,96210";"4,53668091445396";"50,9959582411077"
"9";"4x4";"948";"161494,7863";"191299,20840";"4,53261852614640";"51,0317607171322"
"9";"4x4";"949";"161200,5860";"195281,49040";"4,52854727678046";"51,0675629491732"
"9";"4x4";"950";"160906,3000";"199263,81590";"4,52446856961474";"51,1033649908119"
"9";"4x4";"951";"160611,7343";"203246,07440";"4,52037961227276";"51,1391658378700"
"9";"4x4";"952";"160317,1765";"207228,48540";"4,51628450005571";"51,1749674433976"
"9";"4x4";"953";"160022,3384";"211210,83250";"4,51217908825965";"51,2107678528987"
"9";"4x4";"954";"159727,4201";"215193,12940";"4,50806621935338";"51,2465671713258"
"9";"4x4";"955";"159432,4088";"219175,57750";"4,50394569811396";"51,2823671945909"
"9";"4x4";"956";"159137,1167";"223157,96620";"4,49981480753349";"51,3181660181918"
"9";"4x4";"957";"158841,7373";"227140,40940";"4,49567630417848";"51,3539646480277"
"9";"4x4";"958";"158546,2768";"231122,80860";"4,49153025705666";"51,3897621841156"
"9";"4x4";"959";"158250,5222";"235105,35290";"4,48737359105037";"51,4255603145276"
"9";"4x4";"960";"157954,7860";"239087,86260";"4,48321077331985";"51,4613574048897"
"9";"4x4";"966";"167825,3066";"159734,31140";"4,62132767074273";"50,7478524286869"
"9";"4x4";"967";"167532,3394";"163716,67720";"4,61736594308370";"50,7836614286814"
"9";"4x4";"968";"167239,1893";"167699,06810";"4,61339558925866";"50,8194701943573"
"9";"4x4";"969";"166945,8625";"171681,38600";"4,60941667303828";"50,8552778291185"
"9";"4x4";"970";"166652,4462";"175663,83800";"4,60543042378127";"50,8910861776272"
"9";"4x4";"971";"166358,8588";"179646,12020";"4,60143565019056";"50,9268924958849"
"9";"4x4";"972";"166065,0816";"183628,53360";"4,59743208020292";"50,9626994756367"
"9";"4x4";"973";"165771,2204";"187610,98600";"4,59342119653487";"50,9985062705669"
"9";"4x4";"974";"165477,1813";"191593,37310";"4,58940163925198";"51,0343119311751"
"9";"4x4";"975";"165183,0579";"195575,80220";"4,58537472849189";"51,0701174049186"
"9";"4x4";"976";"164888,7499";"199558,26900";"4,58133901502174";"51,1059226412432"
"9";"4x4";"977";"164594,2632";"203540,67500";"4,57729455887203";"51,1417267399707"
"9";"4x4";"978";"164299,5915";"207523,12160";"4,57324125400498";"51,1775305980736"
"9";"4x4";"979";"164004,8345";"211505,61660";"4,56918050706814";"51,2133342685594"
"9";"4x4";"980";"163709,9921";"215488,16150";"4,56511229944295";"51,2491377503705"
"9";"4x4";"981";"163414,9701";"219470,65190";"4,56103525977631";"51,2849400927926"
"9";"4x4";"982";"163119,6621";"223453,18310";"4,55694784511359";"51,3207421401493"
"9";"4x4";"983";"162824,3679";"227435,77491";"4,55285433574778";"51,3565440489116"
"9";"4x4";"984";"162528,8874";"231418,41670";"4,54875184244813";"51,3923457134702"
"9";"4x4";"985";"162233,2264";"235401,01030";"4,54464042436283";"51,4281462366391"
"9";"4x4";"994";"171221,6540";"167992,26430";"4,66992765450898";"50,8219739699892"
"9";"4x4";"995";"170928,3918";"171974,82750";"4,66599253117735";"50,8577856912489"
"9";"4x4";"996";"170634,9536";"175957,31930";"4,66204890094426";"50,8935962845418"
"9";"4x4";"997";"170341,3329";"179939,84100";"4,65809665768708";"50,9294066461729"
"9";"4x4";"998";"170047,6297";"183922,40050";"4,65413720556988";"50,9652168291122"
"9";"4x4";"999";"169753,7497";"187904,89320";"4,65016917893925";"51,0010258818771"
"9";"4x4";"1000";"169459,7867";"191881,52330";"4,64619358607193";"51,0367816887326"
"9";"4x4";"1001";"169165,5402";"195869,99020";"4,64220849477441";"51,0726433404362"
"9";"4x4";"1002";"168871,3103";"199852,60370";"4,63821722201658";"51,1084517965167"
"9";"4x4";"1003";"168576,8027";"203835,15060";"4,63421585804823";"51,1442590692492"
"9";"4x4";"1004";"168282,3050";"207817,85040";"4,63020850377150";"51,1800671077213"
"10";"4x4";"1005";"167987,5354";"211800,38691";"4,62619109630178";"51,2158730642864"
"10";"4x4";"1006";"167692,5751";"215783,06710";"4,62216479091078";"51,2516796808292"
"10";"4x4";"1007";"167397,6302";"219765,80510";"4,61813251678122";"51,2874861645621"
"10";"4x4";"1008";"167102,4066";"223748,48420";"4,61409003569693";"51,3232914608408"
"10";"4x4";"1009";"166807,0978";"227731,21810";"4,61004010739116";"51,3590965710983"
"10";"4x4";"1010";"166511,6036";"231714,00220";"4,60598127477055";"51,3949014422891"
"10";"4x4";"1011";"166216,0300";"235696,74430";"4,60191503701604";"51,4307052280157"
"10";"4x4";"1020";"175204,3218";"168285,45220";"4,72646858775398";"50,8244503939887"
"10";"4x4";"1021";"174911,0306";"172268,15420";"4,72257594194183";"50,8602652272133"
"10";"4x4";"1022";"174617,5644";"176250,78500";"4,71867486650886";"50,8960789372487"
"10";"4x4";"1023";"174324,0169";"180233,45210";"4,71476668235170";"50,9318924719739"
"10";"4x4";"1024";"174030,2877";"184216,15100";"4,71084994354700";"50,9677057806709"
"10";"4x4";"1025";"173736,4829";"188198,78940";"4,70692613600007";"51,0035180147160"
"10";"4x4";"1026";"173442,4898";"192181,56250";"4,70299364936687";"51,0393309188917"
"10";"4x4";"1027";"173148,3206";"196164,27210";"4,69905262489757";"51,0751426964804"
"10";"4x4";"1028";"172854,0751";"200146,92601";"4,69510446871502";"51,1109533991497"
"10";"4x4";"1029";"172559,6406";"204129,71920";"4,69114756615599";"51,1467647693542"
"10";"4x4";"1030";"172265,0293";"208112,45360";"4,68718205909031";"51,1825750115902"
"10";"4x4";"1031";"171970,3349";"212095,23670";"4,68320927545011";"51,2183850738197"
"10";"4x4";"1032";"171675,4570";"216078,06400";"4,67922776003098";"51,2541949048458"
"10";"4x4";"1033";"171380,4017";"220060,83720";"4,67523757421502";"51,2900036062277"
"10";"4x4";"1034";"171085,2626";"224043,66370";"4,67124004715161";"51,3258121251821"
"10";"4x4";"1035";"170789,9392";"228026,53910";"4,66723371869266";"51,3616204112324"
"10";"4x4";"1036";"170494,5316";"232009,47100";"4,66322000701785";"51,3974285143826"
"10";"4x4";"1046";"179187,1928";"168578,63170";"4,78301832593134";"50,8268994570249"
"10";"4x4";"1047";"178893,8728";"172561,47200";"4,77916817913947";"50,8627173778042"
"10";"4x4";"1048";"178600,4788";"176544,24750";"4,77531110203709";"50,8985342309425"
"10";"4x4";"1049";"178306,9045";"180527,05330";"4,77144557408006";"50,9343508621180"
"10";"4x4";"1050";"178013,1495";"184509,89100";"4,76757157027988";"50,9701672711647"
"10";"4x4";"1051";"177719,3137";"188492,76830";"4,76369049504509";"51,0059835079319"
"10";"4x4";"1052";"177425,3031";"192475,58090";"4,75980098394833";"51,0417986248870"
"10";"4x4";"1053";"177131,2113";"196458,43610";"4,75590436137423";"51,0776135675622"
"10";"4x4";"1054";"176836,9380";"200441,32940";"4,75199917826559";"51,1134282856929"
"10";"4x4";"1055";"176542,4891";"204424,16260";"4,74808549199638";"51,1492418817053"
"10";"4x4";"1056";"176247,9521";"208407,14300";"4,74416454959665";"51,1850562003110"
"10";"4x4";"1057";"175953,2392";"212390,06631";"4,74023506268830";"51,2208693946914"
"10";"4x4";"1058";"175658,3500";"216372,93420";"4,73629700610717";"51,2566814652521"
"10";"4x4";"1059";"175363,3721";"220355,95391";"4,73235163055581";"51,2924942561734"
"10";"4x4";"1060";"175068,3176";"224338,92740";"4,72839907860564";"51,3283059723664"
"10";"4x4";"1061";"174772,9799";"228321,94370";"4,72443637373249";"51,3641174084068"
"10";"4x4";"1062";"174477,6590";"232305,02290";"4,72046780422919";"51,3999287171977"
"10";"4x4";"1063";"174182,0608";"236288,04830";"4,71648911954820";"51,4357388478568"
"10";"4x4";"1064";"173886,3788";"240271,13360";"4,71250308854988";"51,4715487993400"
"10";"4x4";"1071";"183463,2305";"164888,93960";"4,84337318344312";"50,7935007491282"
"10";"4x4";"1072";"183170,0606";"168871,89020";"4,83957388278051";"50,8293219481678"
"10";"4x4";"1073";"182876,8119";"172854,87450";"4,83576767365640";"50,8651429820489"
"10";"4x4";"1074";"182583,3903";"176837,78790";"4,83195319323955";"50,9009629013856"
"10";"4x4";"1075";"182289,7893";"180820,73190";"4,82813033923473";"50,9367826044201"
"10";"4x4";"1076";"181996,1088";"184803,71410";"4,82430051536002";"50,9726021393892"
"10";"4x4";"1077";"181702,2547";"188786,63020";"4,82046235576261";"51,0084205594671"
"10";"4x4";"1078";"181408,3143";"192769,68740";"4,81661710412980";"51,0442397078458"
"10";"4x4";"1079";"181114,2000";"196752,68150";"4,81276347637754";"51,0800577392485"
"10";"4x4";"1080";"180819,9114";"200735,61420";"4,80890144783829";"51,1158746544070"
"10";"4x4";"1081";"180525,5359";"204718,69260";"4,80503226586215";"51,1516922956287"
"10";"4x4";"1082";"180230,9857";"208701,71270";"4,80115464086657";"51,1875088193523"
"10";"4x4";"1083";"179936,3545";"212684,78180";"4,79726990362434";"51,2233251705419"
"10";"4x4";"1084";"179641,5418";"216667,89550";"4,79337659764025";"51,2591413003017"
"10";"4x4";"1085";"179346,5538";"220650,95540";"4,78947478393163";"51,2949563092244"
"10";"4x4";"1086";"179051,4841";"224634,06920";"4,78556579454286";"51,3307711459311"
"10";"4x4";"1087";"178756,2322";"228617,23210";"4,78164816943051";"51,3665857577523"
"10";"4x4";"1088";"178460,7981";"232600,44580";"4,77772188865946";"51,4024001452541"
"10";"4x4";"1089";"178165,2878";"236583,61820";"4,77378844914631";"51,4382134607634"
"10";"4x4";"1090";"177869,5885";"240566,94430";"4,76984622627864";"51,4740274477385"
"10";"4x4";"1097";"187446,3310";"165182,05240";"4,89989495821490";"50,7958928297244"
"10";"4x4";"1098";"187153,1316";"169165,14010";"4,89613811702810";"50,8317170626456"
"10";"4x4";"1099";"186859,8606";"173148,16190";"4,89237452393460";"50,8675402369126"
"10";"4x4";"1100";"186566,4114";"177131,21280";"4,88860265766998";"50,9033631988511"
"10";"4x4";"1101";"186272,8777";"181114,40040";"4,88482384295889";"50,9391868952777"
"11";"4x4";"1102";"185979,2780";"185097,42680";"4,88103829769038";"50,9750086327766"
"11";"4x4";"1103";"185685,3932";"189080,58070";"4,87724291310174";"51,0108310055803"
"11";"4x4";"1104";"185391,4357";"193063,67630";"4,87344067705772";"51,0466523158282"
"11";"4x4";"1105";"185097,2990";"197046,80880";"4,86963006332199";"51,0824734112898"
"11";"4x4";"1106";"184803,0829";"201029,98600";"4,86581247861007";"51,1182943414570"
"11";"4x4";"1107";"184508,6933";"205013,10340";"4,86198655194150";"51,1541141581859"
"11";"4x4";"1108";"184214,2239";"208996,26850";"4,85815361463891";"51,1899338075732"
"11";"4x4";"1109";"183919,5745";"212979,47680";"4,85431221572698";"51,2257532405651"
"11";"4x4";"1110";"183624,7446";"216962,72980";"4,85046232858722";"51,2615724560179"
"11";"4x4";"1111";"183329,8343";"220946,03520";"4,84660536933930";"51,2973915026717"
"11";"4x4";"1112";"183034,7494";"224929,28870";"4,84273996044251";"51,3332094339697"
"11";"4x4";"1113";"182739,4836";"228912,59151";"4,83886600125237";"51,3690271452663"
"11";"4x4";"1114";"182444,1428";"232895,85170";"4,83498498533609";"51,4048437896481"
"11";"4x4";"1116";"181853,0103";"240862,63700";"4,82719850220910";"51,4764773620963"
"11";"4x4";"1123";"191429,5345";"165475,15080";"4,95642390563361";"50,7982575002763"
"11";"4x4";"1124";"191136,4120";"169458,28150";"4,95271104086301";"50,8340838936988"
"11";"4x4";"1125";"190843,1063";"173441,53980";"4,94898992597931";"50,8699109780601"
"11";"4x4";"1126";"190549,7298";"177424,73380";"4,94526211859403";"50,9057370059396"
"11";"4x4";"1127";"190256,1760";"181407,95880";"4,94152609876041";"50,9415628270149"
"11";"4x4";"1128";"189962,4446";"185391,21610";"4,93778184346902";"50,9773884384425"
"11";"4x4";"1129";"189668,6418";"189374,41390";"4,93403083708493";"51,0132129932123"
"11";"4x4";"1130";"189374,6610";"193357,64710";"4,93027155435056";"51,0490373372064"
"11";"4x4";"1131";"189080,6021";"197340,92370";"4,92650540274176";"51,0848615209937"
"11";"4x4";"1132";"188786,3648";"201324,23890";"4,92273093337006";"51,1206854937006"
"11";"4x4";"1133";"188492,0552";"205307,50070";"4,91894963377063";"51,1565084067110"
"11";"4x4";"1134";"188197,5605";"209290,90410";"4,91515989539362";"51,1923320057579"
"11";"4x4";"1135";"187902,8929";"213274,25100";"4,91136185238701";"51,2281544948114"
"11";"4x4";"1136";"187608,1523";"217257,54910";"4,90755691771674";"51,2639759219510"
"11";"4x4";"1137";"187313,2260";"221240,99350";"4,90374347998091";"51,2997980335388"
"11";"4x4";"1138";"187018,1262";"225224,38620";"4,89992167392524";"51,3356190344961"
"11";"4x4";"1139";"186722,9465";"229207,83450";"4,89609283531793";"51,3714398685710"
"11";"4x4";"1140";"186427,6866";"233191,34020";"4,89225694365248";"51,4072605373969"
"11";"4x4";"1148";"195705,8234";"161784,89470";"5,01662233510533";"50,7647642783535"
"11";"4x4";"1149";"195412,8410";"165768,23490";"5,01295996076696";"50,8005947555063"
"11";"4x4";"1150";"195119,6891";"169751,50160";"5,00928958986291";"50,8364241322619"
"11";"4x4";"1151";"194826,4552";"173734,90230";"5,00561247265190";"50,8722542526346"
"11";"4x4";"1152";"194533,0514";"177718,23280";"5,00192731892886";"50,9080832733892"
"11";"4x4";"1153";"194239,5714";"181701,60040";"4,99823545658745";"50,9439121373937"
"11";"4x4";"1154";"193945,8211";"185684,89480";"4,99453409311606";"50,9797398534899"
"11";"4x4";"1155";"193652,0880";"189668,33550";"4,99082732999847";"51,0155683583794"
"11";"4x4";"1156";"193358,0841";"193651,70590";"4,98711102163540";"51,0513957123673"
"11";"4x4";"1157";"193064,0031";"197635,11980";"4,98338792417444";"51,0872229092448"
"11";"4x4";"1158";"192769,8511";"201618,47890";"4,97965809748425";"51,1230490505403"
"11";"4x4";"1159";"192475,5152";"205601,97820";"4,97591993526113";"51,1588758828510"
"11";"4x4";"1160";"192181,0077";"209585,41970";"4,97217357091957";"51,1947016109568"
"11";"4x4";"1161";"191886,4223";"213568,91080";"4,96842033951077";"51,2305271787795"
"11";"4x4";"1162";"191591,6648";"217552,34720";"4,96465886351158";"51,2663516411725"
"11";"4x4";"1163";"191296,7227";"221535,93010";"4,96088896783128";"51,3021767927705"
"11";"4x4";"1164";"191001,7081";"225519,46750";"4,95711221936116";"51,3380008852317"
"11";"4x4";"1165";"190706,6147";"229503,06080";"4,95332852338189";"51,3738248158412"
"11";"4x4";"1166";"190411,2421";"233486,69940";"4,94953498256554";"51,4096484888796"
"11";"4x4";"1173";"199982,2075";"158094,28480";"5,07673645483101";"50,7312366760091"
"11";"4x4";"1174";"199689,3693";"162077,73520";"5,07312448950648";"50,7670703037995"
"11";"4x4";"1175";"199396,3566";"166061,21070";"5,06950455110696";"50,8029037352874"
"11";"4x4";"1176";"199103,1693";"170044,71280";"5,06587662014499";"50,8387369694756"
"11";"4x4";"1177";"198809,9135";"174028,14940";"5,06224217343469";"50,8745691550543"
"11";"4x4";"1178";"198516,5764";"178011,72170";"5,05860104082341";"50,9104020873241"
"11";"4x4";"1179";"198223,0766";"181995,12570";"5,05495200847598";"50,9462330260088"
"11";"4x4";"1180";"197929,3951";"185978,66230";"5,05129482751604";"50,9820646629362"
"11";"4x4";"1181";"197635,5441";"189962,13340";"5,04762962699615";"51,0178952018603"
"11";"4x4";"1182";"197341,6173";"193945,64670";"5,04395773893914";"51,0537255886595"
"11";"4x4";"1183";"197047,6145";"197929,20350";"5,04027914521342";"51,0895558205928"
"11";"4x4";"1184";"196753,4353";"201912,79940";"5,03659239569410";"51,1253858517825"
"11";"4x4";"1185";"196459,0857";"205896,33610";"5,03289754472113";"51,1612147836032"
"11";"4x4";"1186";"196164,6595";"209879,92110";"5,02919592930975";"51,1970435602017"
"11";"4x4";"1187";"195870,0563";"213863,54980";"5,02548609582760";"51,2328721337324"
"11";"4x4";"1188";"195575,2759";"217847,22370";"5,02176802255640";"51,2687005030564"
"11";"4x4";"1189";"195280,4243";"221830,85090";"5,01804319872601";"51,3045278192111"
"12";"4x4";"1190";"194985,3951";"225814,52640";"5,01431009393212";"51,3403549298612"
"12";"4x4";"1191";"194690,2881";"229798,25800";"5,01057012308697";"51,3761818826729"
"12";"4x4";"1192";"194395,0029";"233782,04120";"5,00682182672314";"51,4120086304125"
"12";"4x4";"1193";"194099,6458";"237765,78380";"5,00306670300413";"51,4478343215902"
"12";"4x4";"1199";"203965,7809";"158387,07010";"5,13320169511897";"50,7335132193179"
"12";"4x4";"1200";"203672,9053";"162370,75500";"5,12963203086997";"50,7693506709556"
"12";"4x4";"1201";"203379,9689";"166354,27170";"5,12605604225961";"50,8051861810912"
"12";"4x4";"1202";"203086,8526";"170337,91500";"5,12247206686181";"50,8410223962877"
"12";"4x4";"1203";"202793,5688";"174321,48680";"5,11888023386627";"50,8768575201736"
"12";"4x4";"1204";"202500,2110";"178305,09470";"5,11528187027212";"50,9126924970218"
"12";"4x4";"1205";"202206,6790";"182288,73410";"5,11167553460648";"50,9485272801144"
"12";"4x4";"1206";"201912,9726";"186272,40640";"5,10806120588258";"50,9843618675219"
"12";"4x4";"1207";"201619,1978";"190256,01960";"5,10444036332548";"51,0201954083001"
"12";"4x4";"1208";"201325,3482";"194239,67510";"5,10081291510524";"51,0560288000624"
"12";"4x4";"1209";"201031,3236";"198223,36830";"5,09717741515471";"51,0918619958687"
"12";"4x4";"1210";"200737,1298";"202207,00080";"5,09353391399790";"51,1276940961831"
"12";"4x4";"1211";"200442,7544";"206190,77400";"5,08988224408475";"51,1635268977535"
"12";"4x4";"1212";"200148,3094";"210174,49580";"5,08622396199969";"51,1993586495919"
"12";"4x4";"1213";"199853,7887";"214158,26760";"5,08255897925638";"51,2351902491577"
"12";"4x4";"1214";"199559,0979";"218141,98510";"5,07888591342882";"51,2710207526482"
"12";"4x4";"1215";"199264,2308";"222125,74970";"5,07520467092410";"51,3068510573463"
"12";"4x4";"1216";"198969,2872";"226109,56890";"5,07151666591823";"51,3426812075056"
"12";"4x4";"1217";"198674,1667";"230093,43830";"5,06782044020940";"51,3785111575495"
"12";"4x4";"1218";"198378,8691";"234077,35940";"5,06411597200152";"51,4143409062944"
"12";"4x4";"1219";"198083,6007";"238061,24630";"5,06040619787297";"51,4501696497644"
"12";"4x4";"1225";"207949,5569";"158679,84790";"5,18967522709812";"50,7357624201924"
"12";"4x4";"1226";"207656,6566";"162663,56710";"5,18614803227502";"50,7716018749642"
"12";"4x4";"1227";"207363,6840";"166647,31800";"5,18261444333813";"50,8074411883780"
"12";"4x4";"1228";"207070,5389";"170631,09580";"5,17907302228503";"50,8432803127744"
"12";"4x4";"1229";"206777,3272";"174614,80850";"5,17552524159020";"50,8791183963328"
"12";"4x4";"1230";"206483,9426";"178598,55120";"5,17196958998018";"50,9149562898945"
"12";"4x4";"1231";"206190,3848";"182582,32560";"5,16840604535603";"50,9507939942561"
"12";"4x4";"1232";"205896,7599";"186566,03950";"5,16483608642915";"50,9866306559071"
"12";"4x4";"1233";"205603,0553";"190549,89410";"5,16125954967389";"51,0224680701752"
"12";"4x4";"1234";"205309,0892";"194533,57920";"5,15767377968584";"51,0583034517727"
"12";"4x4";"1235";"205015,0428";"198517,40810";"5,15408138932845";"51,0941395848826"
"12";"4x4";"1236";"204720,9223";"202501,28267";"5,15048243687829";"51,1299755724199"
"12";"4x4";"1237";"204426,6336";"206485,09820";"5,14687554622700";"51,1658104676562"
"12";"4x4";"1238";"204132,2702";"210468,96250";"5,14326205298680";"51,2016452162535"
"12";"4x4";"1239";"203837,6318";"214452,86470";"5,13963907241152";"51,2374797247398"
"12";"4x4";"1240";"203543,0247";"218436,72500";"5,13601095956478";"51,2733132326674"
"12";"4x4";"1241";"203248,2423";"222420,63250";"5,13237475327646";"51,3091465456145"
"12";"4x4";"1242";"202953,2843";"226404,58880";"5,12873043068132";"51,3449796633394"
"12";"4x4";"1251";"211933,4293";"158972,71177";"5,24615549759299";"50,7379851230212"
"12";"4x4";"1252";"211640,4982";"162956,56460";"5,24267071624614";"50,7738274544221"
"12";"4x4";"1253";"211347,4958";"166940,44930";"5,23917961924111";"50,8096696480057"
"12";"4x4";"1254";"211054,4282";"170924,26740";"5,23568226235288";"50,8455108036480"
"12";"4x4";"1255";"210761,1888";"174908,11420";"5,23217713249664";"50,8813517748104"
"12";"4x4";"1256";"210467,7775";"178891,99140";"5,22866421067848";"50,9171925622886"
"12";"4x4";"1257";"210174,2941";"182875,90640";"5,22514490041278";"50,9530332077357"
"12";"4x4";"1258";"209880,7447";"186859,76120";"5,22161925780868";"50,9888728152514"
"12";"4x4";"1259";"209586,9226";"190843,64470";"5,21808433700317";"51,0247121908104"
"12";"4x4";"1260";"209293,0278";"194827,57080";"5,21454297154857";"51,0605514241849"
"12";"4x4";"1261";"208999,0600";"198811,54110";"5,21099514252956";"51,0963905153576"
"12";"4x4";"1262";"208704,9252";"202795,45120";"5,20743947532666";"51,1322285210794"
"12";"4x4";"1263";"208410,6170";"206779,40247";"5,20387587684231";"51,1680663385724"
"12";"4x4";"1264";"208116,2353";"210763,40240";"5,20030575921064";"51,2039040104982"
"12";"4x4";"1265";"207821,6796";"214747,44670";"5,19672766764675";"51,2397414939031"
"12";"4x4";"1266";"207527,0562";"218731,44320";"5,19314309218129";"51,2755779351613"
"12";"4x4";"1267";"207232,2522";"222715,58680";"5,18955042985984";"51,3114150827082"
"12";"4x4";"1277";"215917,4105";"159265,46180";"5,30264258495237";"50,7401795235850"
"12";"4x4";"1278";"215624,5488";"163249,45400";"5,29920165480457";"50,7760247519590"
"12";"4x4";"1279";"215331,5167";"167233,47200";"5,29575306837166";"50,8118698012585"
"12";"4x4";"1280";"215038,4205";"171217,42360";"5,29229830110796";"50,8477138163542"
"12";"4x4";"1281";"214745,1535";"175201,40410";"5,28883583966107";"50,8835576514455"
"12";"4x4";"1282";"214451,8158";"179185,42120";"5,28536709115572";"50,9194013501387"
"12";"4x4";"1283";"214158,3131";"183169,37040";"5,28189068081917";"50,9552439691866"
"12";"4x4";"1284";"213864,7329";"187153,45910";"5,27840787361039";"50,9910873486723"
"13";"4x4";"1285";"213570,9874";"191137,48320";"5,27491736763653";"51,0269296492751"
"13";"4x4";"1286";"213277,0702";"195121,54380";"5,27141907160340";"51,0627717659060"
"13";"4x4";"1287";"212983,0872";"199105,54900";"5,26791446333405";"51,0986128464691"
"13";"4x4";"1288";"212689,0260";"203089,69990";"5,26440338596527";"51,1344546854054"
"13";"4x4";"1289";"212394,7986";"207073,79230";"5,26088453109685";"51,1702954424041"
"13";"4x4";"1290";"212100,3985";"211057,92760";"5,25735780530792";"51,2061360149822"
"13";"4x4";"1291";"211805,8319";"215042,00750";"5,25382326234949";"51,2419755043869"
"13";"4x4";"1304";"219608,5957";"163542,42260";"5,35573779976990";"50,7781954685860"
"13";"4x4";"1305";"219315,6405";"167526,47960";"5,35233323339397";"50,8140424931905"
"13";"4x4";"1306";"219022,5177";"171510,56420";"5,34892110006903";"50,8498893429609"
"13";"4x4";"1307";"218729,3214";"175494,68400";"5,34550272099964";"50,8857360606061"
"13";"4x4";"1308";"218435,9572";"179478,83440";"5,34207673851979";"50,9215826015444"
"13";"4x4";"1309";"218142,5230";"183463,02310";"5,33864452985450";"50,9574290089896"
"13";"4x4";"1310";"217848,9247";"187447,14560";"5,33520472104266";"50,9932743402914"
"13";"4x4";"1311";"217555,1559";"191431,30350";"5,33175722234579";"51,0291194949197"
"13";"4x4";"1312";"217261,3226";"195415,40450";"5,32830351102648";"51,0649636164140"
"13";"4x4";"1313";"216967,3123";"199399,64370";"5,32484200283796";"51,1008084569909"
"13";"4x4";"1314";"216673,2370";"203383,82910";"5,32137424441217";"51,1366522634453"
"13";"4x4";"1315";"216378,9904";"207368,05610";"5,31789871912164";"51,1724958910340"
"13";"4x4";"1316";"216084,6724";"211352,33220";"5,31441683975067";"51,2083393811392"
"13";"4x4";"1317";"215790,1887";"215336,55320";"5,31092722229818";"51,2441817935491"
"13";"4x4";"1329";"223885,7682";"159851,12580";"5,41563801472836";"50,7444879288538"
"13";"4x4";"1330";"223592,8517";"163835,28290";"5,41228206854270";"50,7803378883256"
"13";"4x4";"1331";"223299,8670";"167819,47220";"5,40892004617588";"50,8161877188758"
"13";"4x4";"1332";"223006,8078";"171803,79520";"5,40555186435704";"50,8520383193077"
"13";"4x4";"1333";"222713,5862";"175788,04760";"5,40217621920427";"50,8878878498898"
"13";"4x4";"1334";"222420,2019";"179772,23090";"5,39879308979069";"50,9237363096971"
"13";"4x4";"1335";"222126,7486";"183756,45280";"5,39540381385821";"50,9595846406664"
"13";"4x4";"1336";"221833,2262";"187740,71460";"5,39200837606801";"50,9954328401146"
"13";"4x4";"1337";"221539,4342";"191725,00580";"5,38860390222466";"51,0312808240450"
"13";"4x4";"1338";"221245,6727";"195709,34620";"5,38519465627067";"51,0671287188203"
"13";"4x4";"1339";"220951,6412";"199693,71900";"5,38177633398179";"51,1029763960252"
"13";"4x4";"1340";"220657,5459";"203678,03830";"5,37835184364576";"51,1388230437122"
"13";"4x4";"1341";"220363,3866";"207662,30560";"5,37492116860171";"51,1746686609882"
"13";"4x4";"1342";"220069,0505";"211646,71600";"5,37148271840308";"51,2105150006259"
"13";"4x4";"1343";"219774,5499";"215631,07130";"5,36803661274197";"51,2463602651865"
"13";"4x4";"1355";"227870,0570";"160143,83380";"5,47214494576441";"50,7466000810276"
"13";"4x4";"1356";"227577,2041";"164128,22840";"5,46883283581449";"50,7824537575596"
"13";"4x4";"1357";"227284,2903";"168112,55560";"5,46551479875437";"50,8183064110067"
"13";"4x4";"1358";"226991,2090";"172096,91070";"5,46218932737796";"50,8541588977968"
"13";"4x4";"1359";"226697,9602";"176081,29510";"5,45885640490726";"50,8900112160526"
"13";"4x4";"1360";"226404,6498";"180065,61690";"5,45551750115932";"50,9258625113312"
"13";"4x4";"1361";"226111,1714";"184049,97110";"5,45217110793691";"50,9617136371506"
"13";"4x4";"1362";"225817,6249";"188034,36560";"5,44881863256310";"50,9975646369503"
"13";"4x4";"1363";"225523,9099";"192018,79570";"5,44545862888038";"51,0334154671934"
"13";"4x4";"1364";"225230,0263";"196003,26290";"5,44209107840475";"51,0692661268535"
"13";"4x4";"1365";"224936,0802";"199987,67520";"5,43871745949001";"51,1051157607645"
"13";"4x4";"1366";"224642,0650";"203972,13390";"5,43533768479151";"51,1409652658521"
"13";"4x4";"1367";"224347,8806";"207956,63450";"5,43195030786555";"51,1768146001274"
"13";"4x4";"1368";"224053,5329";"211941,07870";"5,42855537544215";"51,2126628647921"
"13";"4x4";"1369";"223759,1156";"215925,57400";"5,42515423393610";"51,2485109994606"
"13";"4x4";"1382";"231561,7592";"164421,16520";"5,52539152602636";"50,7845422117215"
"13";"4x4";"1383";"231268,4372";"168405,61750";"5,52211068996881";"50,8203976185671"
"13";"4x4";"1384";"230975,7069";"172390,11020";"5,51883325974428";"50,8562528677173"
"13";"4x4";"1385";"230682,4372";"176374,52640";"5,51554314295668";"50,8921070520141"
"13";"4x4";"1386";"230389,0946";"180359,07970";"5,51224699215595";"50,9279620118402"
"13";"4x4";"1387";"230095,6913";"184343,57200";"5,50894492356889";"50,9638159505649"
"13";"4x4";"1388";"229802,1208";"188328,09850";"5,50563542752613";"50,9996697241796"
"13";"4x4";"1389";"229508,3892";"192312,56100";"5,50231855247637";"51,0355224347273"
"13";"4x4";"1390";"229214,5900";"196297,06700";"5,49899563880393";"51,0713750211231"
"13";"4x4";"1391";"228920,7231";"200281,61800";"5,49566667143982";"51,1072274824548"
"13";"4x4";"1392";"228626,6882";"204266,20950";"5,49233020232984";"51,1430797775087"
"13";"4x4";"1393";"228332,4850";"208250,84310";"5,48898621017235";"51,1789319061538"
"13";"4x4";"1394";"228038,2197";"212235,42650";"5,48563617736171";"51,2147830099227"
"13";"4x4";"1395";"227743,7857";"216220,05510";"5,48227858397061";"51,2506339461654"
"13";"4x4";"1396";"227499,2830";"220204,73650";"5,47963143891425";"51,2864780297725"
"13";"4x4";"1408";"235546,3231";"164713,98130";"5,58195529888120";"50,7866022648461"
"13";"4x4";"1409";"235253,3511";"168698,57040";"5,57872243937683";"50,8224604042343"
"14";"4x4";"1410";"234960,3139";"172683,19390";"5,57548372901803";"50,8583184257689"
"14";"4x4";"1411";"234667,1112";"176667,84720";"5,57223772784286";"50,8941762883925"
"14";"4x4";"1412";"234373,7489";"180652,43190";"5,56898448036582";"50,9300330923543"
"14";"4x4";"1413";"234080,3207";"184637,05550";"5,56572532846715";"50,9658897758423"
"14";"4x4";"1414";"233786,7327";"188621,61380";"5,56245889709379";"51,0017454015233"
"14";"4x4";"1415";"233493,0721";"192606,31400";"5,55918646010826";"51,0376018046413"
"14";"4x4";"1416";"233199,3512";"196590,95800";"5,55590813370381";"51,0734571885293"
"14";"4x4";"1417";"232905,3635";"200575,63500";"5,55262097650337";"51,1093123701289"
"14";"4x4";"1418";"232611,4090";"204560,36490";"5,54932925911365";"51,1451674707413"
"14";"4x4";"1419";"232317,1934";"208545,03100";"5,54602873619330";"51,1810214691930"
"14";"4x4";"1420";"232022,9043";"212529,84680";"5,54272212050010";"51,2168762429576"
"14";"4x4";"1421";"231728,5602";"216514,51450";"5,53940959535177";"51,2527290985422"
"14";"4x4";"1435";"239238,0826";"168991,60770";"5,63533655363400";"50,8244966327097"
"14";"4x4";"1436";"238945,0176";"172976,36160";"5,63214053849609";"50,8603573639202"
"14";"4x4";"1437";"238651,7943";"176961,04550";"5,62893737565176";"50,8962170407366"
"14";"4x4";"1438";"238358,5063";"180945,76700";"5,62572840605861";"50,9320766015939"
"14";"4x4";"1439";"238065,0534";"184930,52160";"5,62251218900314";"50,9679360069104"
"14";"4x4";"1440";"237771,5417";"188915,21700";"5,61929019701735";"51,0037943965603"
"14";"4x4";"1441";"237477,8585";"192900,04840";"5,61606085709325";"51,0396535276316"
"14";"4x4";"1442";"237184,1160";"196884,82380";"5,61282570689401";"51,0755116430553"
"14";"4x4";"1443";"236890,2078";"200869,63840";"5,60958323674009";"51,1113696000706"
"14";"4x4";"1444";"236596,2400";"204854,40020";"5,60633492381296";"51,1472265414057"
"14";"4x4";"1445";"236302,1060";"208839,20430";"5,60307925302770";"51,1830833233043"
"14";"4x4";"1459";"243808,7066";"161315,05210";"5,69824363554967";"50,7547790145810"
"14";"4x4";"1463";"242636,6742";"177254,33320";"5,68564473808762";"50,8982311799899"
"14";"4x4";"1464";"242343,3668";"181239,08510";"5,68247870320322";"50,9340925348079"
"14";"4x4";"1465";"242049,9894";"185223,97610";"5,67930686386578";"50,9699546743611"
"14";"4x4";"1466";"241756,4542";"189208,80200";"5,67612790450865";"51,0058157628715"
"14";"4x4";"1467";"241462,7484";"193193,76410";"5,67294167685215";"51,0416775971121"
"14";"4x4";"1468";"241168,9844";"197178,67030";"5,66974971951767";"51,0775384183395"
"14";"4x4";"1469";"240875,1621";"201163,52220";"5,66655201840135";"51,1133982265918"
"14";"4x4";"1470";"240581,1749";"205148,41520";"5,66334706094226";"51,1492578816003"
"14";"4x4";"1471";"240287,0164";"209133,45050";"5,66013476400725";"51,1851182793312"
"14";"4x4";"1485";"247793,7018";"161607,80010";"5,75478511360842";"50,7567549265150"
"14";"4x4";"1492";"245741,4637";"189502,46860";"5,73297188667017";"51,0078103928585"
"14";"4x4";"1493";"245447,8418";"193487,46710";"5,72983028001967";"51,0436740448827"
"14";"4x4";"1494";"245154,0628";"197472,40380";"5,72668159841441";"51,0795366491166"
"14";"4x4";"1495";"244860,2139";"201457,48610";"5,72352712484512";"51,1154000407408"
"14";"4x4";"1496";"244566,2074";"205442,50970";"5,72036553934258";"51,1512623835961"
"14";"4x4";"1497";"244272,1370";"209427,58210";"5,71719819352099";"51,1871246139962"
"14";"4x4";"1510";"252071,4642";"157915,47350";"5,81437977317811";"50,7228342356633"
"14";"4x4";"1511";"251778,6994";"161900,52720";"5,81133133103876";"50,7587033359406"
"14";"4x4";"1520";"249139,2385";"197766,21780";"5,78361971844958";"51,0815080859586"
"14";"4x4";"1521";"248845,3757";"201751,33010";"5,78050861651875";"51,1173732374319"
"14";"4x4";"1522";"248551,4501";"205736,49000";"5,77739185164588";"51,1532382818640"
"14";"4x4";"1536";"256056,5884";"158208,15800";"5,87088950230774";"50,7247534764149"
"14";"4x4";"1537";"255763,8932";"162193,34560";"5,86788500051777";"50,7606252127167"
"14";"4x4";"1548";"252536,6903";"206030,54340";"5,83442294098798";"51,1551872896532"
